"Category name","Basics"
""
"Question 1","Points","Option 1 ","Option 2  ✅","Option 3 ","Option 4 "
"Which Reliance Industries subsidiary became India's first company to cross $200 billion market capitalization in 2020?","150","Reliance Retail","Reliance Jio","Reliance Petroleum","Reliance Power"
""
"Question 2","Points","Option 1 ","Option 2 ","Option 3  ✅","Option 4 "
"Which Tata Group company acquired Air India in 2022?","150","Tata Motors","Tata Steel","Tata Sons","Vistara"
""
"Question 3","Points","Option 1 ","Option 2 ","Option 3  ✅","Option 4 "
"In which year did Gautam Adani briefly become the world's second-richest person?","175","2020","2021","2022","2023"
""
"Question 4","Points","Option 1 ","Option 2 ","Option 3 ","Option 4  ✅"
"Which Aditya Birla Group company is the world's largest producer of carbon black?","100","Hindalco Industries","Grasim Industries","UltraTech Cement","Birla Carbon"
""
"Question 5","Points","Option 1  ✅"
"Which Mahindra Group company is known for its IT services and is often confused with the automobile division?","50","Tech Mahindra"
""
"Question 6","Points","Option 1 ","Option 2 ","Option 3 ","Option 4  ✅"
"Which Reliance Group initiative aims to bridge the digital divide in India by providing affordable 4G services?","80","Reliance Digital","JioMart","JioFiber","Jio"
""
"Question 7","Points","Option 1  ✅"
"<p>Which Unilever brand, owned by Hindustan Unilever in India, faced controversy and rebranding in 2020 due to concerns over promoting colourism?</p>","100","<p>Fair &amp; Lovely</p>"
""
"Question 8","Points","Option 1  ✅","Option 2 ","Option 3 ","Option 4 "
"Which Bajaj Group company is India's largest exporter of two-wheelers and three-wheelers?","50","Bajaj Auto","Bajaj Finserv","Bajaj Electricals","Bajaj Finance"
""
"Question 9","Points","Option 1 ","Option 2  ✅","Option 3 ","Option 4 "
"Which conglomerate acquired a majority stake in Flipkart in 2018?","150","Amazon","Walmart","Reliance Industries","Tata Group"
""
"Question 10","Points","Option 1  ✅"
"Which Aditya Birla Group company merged with Vodafone India in 2018 to form India's largest telecom operator by subscribers?","100","Idea Cellular"
""
"Question 11","Points","Option 1 ","Option 2 ","Option 3 ","Option 4  ✅"
"<p>Which corporation's investigation in 2022 led to a significant drop in Adani Group companies' stock prices?</p>","100","SEBI","RBI","CCI","Hindenburg Research"
""
""
"Category name","Advanced"
""
"Question 1","Points","Option 1  ✅","Option 2 ","Option 3 ","Option 4 "
"Which Infosys co-founder served as the chairman of UIDAI, overseeing the implementation of Aadhaar?","200","Nandan Nilekani","N. R. Narayana Murthy","Kris Gopalakrishnan","S. D. Shibulal"
""
"Question 2","Points","Option 1  ✅","Option 2 ","Option 3 ","Option 4 "
"Which acquisition by Wipro in 2020 strengthened its position in the European market?","200","Capco","Appirio","Designit","4C"
""
"Question 3","Points","Option 1 ","Option 2  ✅","Option 3 ","Option 4 "
"<p>In which year did a JSW Group company enter the paints business, challenging established players?</p>","175","<p>2020</p>","<p>2019</p>","<p>2018</p>","<p>2021</p>"
""
"Question 4","Points","Option 1  ✅","Option 2 ","Option 3 ","Option 4 "
"Which international airport did the Adani Group acquire in 2020, marking its entry into the airport sector?","200","Chhatrapati Shivaji Maharaj International Airport","Kempegowda International Airport","Cochin International Airport","Sardar Vallabhbhai Patel International Airport"
""
"Question 5","Points","Option 1 ","Option 2 ","Option 3 ","Option 4  ✅"
"Which Godrej Group initiative aims to protect India's biodiversity and environment?","200","Godrej Green","Godrej Nature's Basket","Godrej Earth Care","Godrej Good & Green"
""
"Question 6","Points","Option 1 ","Option 2 ","Option 3  ✅","Option 4 "
"In which African country did Bharti Airtel face significant challenges and eventually exit in 2021?","200","Kenya","Nigeria","Ghana","Tanzania"
""
"Question 7","Points","Option 1  ✅"
"Which Tata Group company developed India's first indigenous COVID-19 testing kit?","175","Tata Medical and Diagnostics"
""
"Question 8","Points","Option 1  ✅","Option 2 ","Option 3 ","Option 4 "
"Which major acquisition did Sun Pharma complete in 2015 to become India's largest pharmaceutical company?","175","Ranbaxy Laboratories","Piramal Healthcare","Dr. Reddy's Laboratories","Lupin Limited"
""
"Question 9","Points","Option 1  ✅","Option 2 ","Option 3 ","Option 4 "
"Which HCL Technologies' AI-powered platform aims to accelerate enterprise digital transformation?","200","HCL DRYiCE","HCL Samurai","HCL Ninja","HCL Axon"
""
""
